Longitude,Latitude
-74.02600087,40.70155168,
-73.98290192,40.77357853,
-74.00661659,40.76926487,
-74.03371261,40.81764673,
-74.07565417,40.83474995,
-74.08670113,40.75353471,
-74.03081853,40.72180449,
-74.07018524,40.81126914,
-74.02286884,40.80762851,
-73.98504653,40.73871975,
-74.03995575,40.80249595,
-74.05469624,40.65471686,
-74.12373644,40.75318073,
-74.08483317,40.68495761,
-74.13680053,40.73157905,
-74.09041548,40.68206298,
-74.03920672,40.81577196,
-73.96547329,40.71178965,
-74.09321642,40.75889041,
-74.02269407,40.79665992,
-73.98929442,40.69735163,
-74.04532637,40.73178323,
-74.01257735,40.76384082,
-74.0783921,40.73434288,
-74.09200727,40.73964746,
-74.04573587,40.66271955,
-73.96535496,40.71332074,
-73.98883076,40.74312629,
-74.03922861,40.72992819,
-74.10971928,40.76081528,
-74.0370143,40.77951139,
-73.97768621,40.8337287,
-74.08105685,40.64557598,
-74.04275262,40.75758219,
-74.02959591,40.77643543,
-74.02600729,40.72604279,
-74.07020627,40.7700218,
-73.9733862,40.73675486,
-73.90207014,40.75337116,
-74.08320202,40.83722767,
-74.03575475,40.71709335,
-74.04042644,40.79045389,
-74.01407178,40.78752651,
-74.13089305,40.66040667,
-74.1052243,40.7813402,
-74.08269223,40.74580153,
-74.07944391,40.77668597,
-74.0423034,40.82465988,
-73.94937451,40.77123719,
-73.99818224,40.76156903,
-74.03275765,40.72434422,
-74.04020769,40.75241775,
-74.03573725,40.73825612,
-74.09157143,40.69361954,
-73.99512652,40.83383608,
-74.02407294,40.76857744,
-74.05346522,40.83875154,
-73.99293932,40.72914554,
-74.08438478,40.78726286,
-74.05099635,40.79917583,
-74.11386934,40.72297838,
-74.05697098,40.74584338,
-74.07888579,40.81712085,
-74.0641625,40.842774,
-74.04253711,40.71895484,
-73.95250323,40.7033775,
-74.13708608,40.85437326,
-74.08080331,40.69660947,
-74.03475777,40.78015461,
-73.97626748,40.77260047,
-74.1410223,40.73761664,
-74.06199484,40.70498919,
-73.92374371,40.76182839,
-73.98719975,40.68342587,
-74.08467832,40.75438424,
-74.08733465,40.74994819,
-74.0740002,40.7668558,
-74.08036912,40.73962792,
-73.95462362,40.75690687,
-74.0669742,40.7721399,
-74.07127645,40.73669625,
-74.16498316,40.74869239,
-74.03318212,40.76206636,
-74.02569004,40.76943489,
-74.03972115,40.81463067,
-74.07603195,40.77369235,
-74.02034324,40.84921276,
-74.07099131,40.74118466,
-73.99771292,40.75351301,
-74.11702527,40.76621919,
-74.06846551,40.66991492,
-73.97688825,40.7763767,
-74.08958459,40.71116525,
-74.04026623,40.83840396,
-73.96674252,40.71508375,
-74.01607243,40.75451727,
-74.05940142,40.75564064,
-74.03509764,40.84054244,
-73.93525987,40.77398212,
-74.02169923,40.85550515,
-74.00572477,40.75782416,
-74.0670852,40.68643726,
-74.03630294,40.73433921,
-74.02927895,40.70564557,
-73.92673497,40.77715829,
-74.04070724,40.73542168,
-74.04999667,40.70044588,
-74.02762841,40.72264369,
-74.03119383,40.7889375,
-73.97615771,40.77966014,
-74.12967744,40.74040014,
-74.02078532,40.65617638,
-74.00929072,40.72410382,
-73.94967511,40.78080161,
-74.0682898,40.79814947,
-73.99353424,40.79069571,
-74.09072748,40.77957301,
-74.03495334,40.81582953,
-74.06510167,40.73480262,
-74.04913385,40.73610292,
-74.07463332,40.83218868,
-74.00266314,40.71254793,
-74.14681237,40.69645631,
-74.07324527,40.77392982,
-73.98493436,40.80492735,
-74.01200615,40.70887195,
-74.03966073,40.81284019,
-74.10526761,40.76124762,
-74.03093407,40.71624076,
-74.07404612,40.73073578,
-74.06897554,40.90601721,
-74.01516239,40.81965232,
-74.00276095,40.75501301,
-74.0624247,40.69339725,
-74.13343375,40.81416418,
-74.05516529,40.70904068,
-74.07144296,40.87219058,
-74.08729999,40.67762051,
-74.06449226,40.82173565,
-74.02124119,40.82651858,
-74.05240835,40.8224106,
-74.02294764,40.75527106,
-74.09263799,40.91011205,
-74.04353314,40.81709997,
-74.15866248,40.82174031,
-74.03277444,40.80476826,
-73.98552461,40.76227162,
-74.02375388,40.80465341,
-74.07916124,40.78020615,
-74.05788327,40.75214751,
-74.06310019,40.85049507,
-74.10136874,40.65379785,
-74.02320954,40.77532108,
-74.0058507,40.76979391,
-74.05617395,40.72073564,
-74.0303037,40.79691511,
-74.04637674,40.79449956,
-73.9858655,40.76657627,
-74.08563903,40.81492945,
-74.07787954,40.76202225,
-74.13602729,40.74582627,
-74.09406292,40.81831635,
-74.1221264,40.71722074,
-74.03773557,40.72889654,
-73.94452483,40.75292492,
-74.019193,40.69589804,
-74.02443973,40.75519965,
-74.12651175,40.74929176,
-73.99360153,40.80387232,
-74.10502539,40.70035927,
-74.02805842,40.73489163,
-73.94199429,40.74232587,
-73.99930042,40.69718828,
-74.07582115,40.78019999,
-74.06747188,40.76762319,
-74.08760756,40.73379974,
-74.04047895,40.80399818,
-74.07535014,40.7813161,
-74.04201355,40.80640308,
-74.00036463,40.7333196,
-74.05588097,40.71252912,
-74.03185586,40.77088098,
-74.03686767,40.78169261,
-74.02180713,40.74230995,
-74.11234325,40.71051483,
-74.06422309,40.7981377,
-74.05100773,40.83623874,
-74.04120606,40.71857143,
-74.14046293,40.79562471,
-74.12891414,40.82619708,
-74.08394781,40.81312056,
-74.02043887,40.82675433,
-74.04225083,40.78846316,
-74.0430808,40.80705529,
-74.08248424,40.77536994,
-74.07660472,40.75490211,
-74.07869101,40.77492038,
-74.09103218,40.69121258,
-74.05492057,40.67860556,
-74.03707941,40.75159031,
-74.02694426,40.71340873,
-74.05450335,40.78680284,
-74.01192341,40.76063973,
-73.96278195,40.68429146,
-74.08327202,40.69860034,
-74.07861875,40.72452445,
-74.07325802,40.81774721,
-73.98284296,40.70120904,
-74.08178972,40.7451431,
-74.05666345,40.7695158,
-73.96878423,40.80694926,
-74.11924091,40.71549507,
-74.08289405,40.81600802,
-74.05364192,40.82654769,
-73.99820214,40.69029494,
-73.99124684,40.65012051,
-74.14253201,40.82975149,
-73.97865864,40.7428504,
-74.04537281,40.78173864,
-74.06207392,40.70588176,
-74.09797739,40.77367992,
-74.02657627,40.64462449,
-74.09281126,40.7882402,
-74.03657625,40.7261635,
-74.0897042,40.64126951,
-74.11506506,40.70671795,
-74.09019936,40.71713656,
-73.90710327,40.69056931,
-74.0035813,40.8084575,
-74.10675259,40.77226601,
-73.96333808,40.75992166,
-74.02839868,40.67954396,
-74.05712163,40.72989952,
-74.11098061,40.63969325,
-74.04658364,40.73604212,
-73.9697426,40.78910635,
-74.0284563,40.76568142,
-74.04943289,40.7064549,
-73.98474024,40.69203614,
-73.94759712,40.81211104,
-74.05853261,40.79110527,
-74.16115608,40.78484068,
-73.93102053,40.73755697,
-73.9982016,40.76021671,
-74.11685492,40.75646715,
-74.08334545,40.67771154,
-74.04582505,40.80888231,
-74.11411968,40.65198935,
-74.02966987,40.71748252,
-74.0082782,40.76393574,
-74.06486761,40.78907947,
-73.97837772,40.7509768,
-74.01552258,40.75151289,
-74.03770353,40.75375465,
-74.00631569,40.73705791,
-73.93430704,40.78257299,
-74.07322281,40.74949121,
-74.04397219,40.8167685,
-73.95958021,40.81844546,
-74.0007652,40.6808896,
-74.0643789,40.70470597,
-74.03877827,40.71518623,
-74.028305,40.81424598,
-73.99230403,40.7314985,
-74.00775098,40.7415568,
-73.99884223,40.68945116,
-74.09742904,40.77636512,
-74.11717413,40.67363821,
-74.03480691,40.72991991,
-74.02391171,40.7196245,
-73.96489914,40.73930402,
-74.08408703,40.69757229,
-74.1188978,40.75618536,
-74.06975764,40.73599741,
-74.04286231,40.69367748,
-74.00689111,40.79327178,
-74.17486559,40.69852523,
-74.07124435,40.78152712,
-74.12440777,40.77437603,
-74.11337389,40.70747492,
-74.05029617,40.66823887,
-74.10063003,40.83714367,
-74.0429226,40.76027171,
-74.0909422,40.75204434,
-74.1400514,40.76555251,
-73.99311424,40.75191138,
-74.05275999,40.70044513,
-73.99682802,40.75244639,
-74.05661158,40.7454934,
-74.00001795,40.81534104,
-74.10656713,40.75386076,
-74.09974179,40.75310166,
-74.07729934,40.78849463,
-74.01078907,40.70039461,
-74.03037503,40.7789115,
-73.93561829,40.78348204,
-73.95416297,40.76306526,
-74.06763652,40.72560175,
-74.0372377,40.72101262,
-73.98032194,40.75953675,
-74.00836572,40.63146355,
-73.97334809,40.75062271,
-74.01642143,40.71884926,
-74.04887633,40.6840646,
-74.0683291,40.69258465,
-74.05448881,40.74478415,
-74.1453111,40.66668447,
-74.03455272,40.82590318,
-74.09128142,40.74435516,
-73.96507618,40.77602618,
-74.0255588,40.73977646,
-74.07529465,40.70829206,
-73.95842983,40.78530274,
-74.03665393,40.72243959,
-74.00649307,40.83334195,
-74.11580227,40.73525262,
-74.15388705,40.77517918,
-74.00883306,40.73985603,
-73.9954515,40.78016799,
-74.05687514,40.73907835,
-73.97532036,40.79416295,
-74.0859826,40.72076774,
-73.9750769,40.82816406,
-73.98891343,40.79369614,
-74.04353448,40.73662672,
-74.04812784,40.71031016,
-74.02921937,40.72996113,
-74.05868838,40.76344398,
-74.0252349,40.7178355,
-73.96927924,40.75361942,
-74.12119507,40.75419846,
-73.99319031,40.75290556,
-74.01428266,40.73372531,
-74.05391821,40.81792038,
-74.02645961,40.75976608,
-74.02874994,40.73980555,
-73.98032396,40.75845486,
-74.03782408,40.68464568,
-73.99171826,40.67346754,
-74.12767674,40.76342888,
-74.03767624,40.78802914,
-74.0185244,40.74477398,
-73.97972176,40.75872406,
-74.0149827,40.74839601,
-74.0557998,40.67416078,
-74.05878311,40.83798605,
-74.10392104,40.73936924,
-74.02011069,40.76271072,
-73.89672468,40.76475777,
-74.09084429,40.72213527,
-74.0827063,40.72732587,
-73.99328712,40.80517594,
-74.09517471,40.71982689,
-74.10072845,40.6946116,
-74.0683112,40.72625649,
-74.04382429,40.68083068,
-73.99876457,40.77357352,
-73.9706108,40.75287116,
-74.02085008,40.74695753,
-74.04541528,40.80732133,
-73.99465921,40.70936861,
-74.02964899,40.72879025,
-74.05198916,40.66843886,
-74.03072468,40.75789662,
-73.90557326,40.82184581,
-74.06354654,40.84072865,
-74.16490688,40.77345767,
-74.08431319,40.71290932,
-74.08560196,40.74177045,
-74.10477051,40.81557825,
-74.10919989,40.77883638,
-73.96663545,40.82282485,
-74.03159306,40.7301879,
-74.1483251,40.76652623,
-74.05394126,40.78974539,
-73.98682369,40.65930078,
-74.07798081,40.78284393,
-73.9725291,40.73211244,
-74.05291143,40.68433183,
-74.09334048,40.85880853,
-74.04865909,40.77254503,
-74.06197781,40.866424,
-74.06473429,40.8471489,
-73.94095581,40.7415367,
-74.09271525,40.76986593,
-73.98522669,40.79508172,
-74.03603402,40.69539864,
-74.11504052,40.75267376,
-74.1220877,40.82200952,
-74.01621308,40.66543477,
-74.11891162,40.73783043,
-74.02884217,40.70689461,
-74.04133078,40.76888723,
-74.10053652,40.73133487,
-74.02962632,40.69004679,
-74.08443583,40.75415354,
-74.06507396,40.73577415,
-74.05766397,40.73659108,
-73.98446656,40.78391723,
-74.02737016,40.72478492,
-74.06229579,40.71488399,
-73.9800974,40.79016924,
-73.97608895,40.75756862,
-73.97118404,40.7692827,
-73.96514102,40.73848909,
-73.99282796,40.72530484,
-74.07393586,40.66770665,
-74.0638279,40.74262367,
-74.07836459,40.73793997,
-74.09428957,40.80215802,
-74.06517111,40.75088597,
-74.01297978,40.72838407,
-74.04935886,40.67269125,
-73.97876037,40.71615372,
-74.03155242,40.72507625,
-74.10320348,40.7696924,
-74.07861076,40.83444622,
-74.05124288,40.82965654,
-74.04938114,40.82531796,
-74.01491062,40.71267889,
-74.04025837,40.72549718,
-73.952272,40.69743378,
-74.04895431,40.74099401,
-74.04867633,40.74420438,
-74.04452459,40.67256851,
-74.01642043,40.76154935,
-74.08448176,40.81776942,
-74.06629102,40.706807,
-74.01123382,40.79002804,
-74.02813842,40.77047324,
-74.01631236,40.86001488,
-74.07867312,40.68503222,
-73.931927,40.68471801,
-74.12094907,40.7434028,
-74.06683756,40.77797795,
-74.06270321,40.70347738,
-73.96596853,40.7388279,
-74.07400866,40.83591831,
-74.0656987,40.72314697,
-74.06167983,40.74557316,
-74.01094778,40.78059154,
-74.04503344,40.75332765,
-73.98309066,40.732783,
-74.04675224,40.7816845,
-74.0602794,40.66711377,
-73.97402573,40.77084929,
-74.08580514,40.86404827,
-73.9787651,40.76152877,
-74.00508879,40.79132907,
-74.00933766,40.71939022,
-74.04601076,40.71861229,
-74.02139124,40.65254557,
-74.06578253,40.66719072,
-74.15125581,40.68700205,
-74.03228065,40.74172711,
-73.9843369,40.73634246,
-74.13696611,40.88846337,
-74.0238663,40.74911071,
-74.06329283,40.70519216,
-74.08693197,40.80258824,
-74.00405846,40.83951779,
-74.03053458,40.68610492,
-74.05916978,40.77909848,
-74.19181723,40.76803244,
-74.03383531,40.76245681,
-74.02800009,40.78987594,
-73.92009412,40.65054333,
-74.0102269,40.72034848,
-74.07086346,40.69712521,
-74.08512716,40.73350274,
-74.01360632,40.81207054,
-74.10922877,40.73544875,
-74.06378422,40.68859383,
-74.10036419,40.64252987,
-74.08826011,40.71830406,
-73.94391525,40.78105314,
-73.9872558,40.80774866,
-74.07271368,40.7893498,
-74.05894259,40.7214671,
-74.01962062,40.78759777,
-74.01498719,40.80485088,
-74.01720529,40.73452039,
-74.03165539,40.78057375,
-74.11097171,40.70565516,
-74.01393493,40.66110856,
-74.04900798,40.7172306,
-74.00029997,40.7231108,
-74.05685466,40.78113025,
-74.09464505,40.70820825,
-74.07261543,40.78474803,
-74.12966715,40.74913844,
-74.17766186,40.70923835,
-74.00238141,40.77908837,
-74.13146589,40.71665212,
-73.99736645,40.78511651,
-74.02723699,40.72852691,
-74.04929651,40.78247621,
-74.00040166,40.66030744,
-74.11383663,40.72789442,
-74.0958297,40.75497141,
-74.02196129,40.7346578,
-73.9556027,40.74703181,
-74.08773545,40.82126362,
-74.05180482,40.77159005,
-74.07664248,40.79541944,
-74.02526946,40.81145991,
-74.04140338,40.74744045,
-74.0094745,40.76657361,
-74.02053821,40.73101344,
-74.0080748,40.80000624,
-74.08559533,40.73182133,
-74.09423211,40.68448063,
-74.00333077,40.80198478,
-74.00650787,40.71130024,
-73.95645425,40.76968079,
-74.00025966,40.79331034,
-73.98980708,40.75891315,
-74.01413854,40.75565187,
-74.08705601,40.77919446,
-74.05948344,40.68391913,
-74.11422947,40.69839133,
-74.07702674,40.76545558,
-73.99475881,40.75883139,
-74.07680377,40.79467952,
-73.95899385,40.67346356,
-73.95638912,40.69846494,
-74.15327486,40.62337296,
-74.03341876,40.71885842,
-73.96029925,40.79937332,
-74.10070633,40.73485918,
-73.92822705,40.75941455,
-74.04292982,40.73636499,
-73.99219786,40.79800824,
-74.0635453,40.78173929,
-74.06409986,40.7279022,
-73.97497655,40.76676889,
-74.09153683,40.79492148,
-74.03406697,40.66064445,
-74.03693978,40.82749301,
-74.05212547,40.73146512,
-73.98242485,40.80504836,
-74.01953491,40.79680157,
-74.07779802,40.80682299,
-74.09591441,40.73371169,
-73.97572176,40.77358276,
-73.95883824,40.70307335,
-74.08455831,40.70211167,
-74.06156407,40.7028901,
-74.00481586,40.69402245,
-74.06317843,40.70702632,
-73.98474225,40.77065467,
-74.06981579,40.73491841,
-74.01407823,40.72747419,
-74.07203535,40.69358687,
-73.92683795,40.70424486,
-74.05351811,40.78990853,
-73.97678424,40.71115469,
-74.03965222,40.74550689,
-74.04475016,40.80965131,
-74.05546384,40.83288404,
-74.01605268,40.74364403,
-74.10472936,40.81788183,
-74.145563,40.7193959,
-74.0515174,40.81626908,
-73.99225987,40.72044115,
-74.08843381,40.79942931,
-74.04174416,40.78380996,
-74.12570463,40.76058849,
-74.01490173,40.69526388,
-73.96503219,40.69037295,
-74.03538263,40.69792114,
-73.99993586,40.78627407,
-74.08658696,40.72879801,
-74.10735861,40.75710988,
-73.99209297,40.73539412,
-74.03410279,40.81155948,
-74.03707177,40.79505743,
-74.02046293,40.72324958,
-74.0430775,40.73665341,
-74.0673142,40.76991141,
-74.05203426,40.7419539,
-74.03970983,40.71055892,
-74.0676557,40.80478441,
-74.07802053,40.72289287,
-74.0146512,40.72951808,
-74.01184677,40.73023202,
-74.04060367,40.8912229,
-74.06156102,40.61633303,
-74.04700372,40.74073431,
-74.0677629,40.77860212,
-74.00860225,40.70818651,
-74.08816301,40.83712583,
-73.99121528,40.72918707,
-74.07078831,40.84103058,
-74.00080138,40.70654001,
-74.02665237,40.79792725,
-74.19183831,40.80231414,
-74.02294918,40.81960778,
-74.06130774,40.70151705,
-74.0212422,40.79962963,
-74.06350798,40.72360632,
-74.09267445,40.73867356,
-74.11291422,40.80968973,
-74.14092388,40.77704519,
-74.10344074,40.74243074,
-73.94958895,40.76247201,
-74.10229153,40.72351826,
-74.0584441,40.74196467,
-74.03129699,40.8035951,
-73.98851701,40.88517303,
-74.10974193,40.69416258,
-74.0644135,40.72512751,
-74.0813186,40.71437311,
-74.04539033,40.75891326,
-74.0535141,40.80416997,
-74.07414956,40.74248432,
-74.00706516,40.79268064,
-74.03062054,40.69281104,
-73.99185525,40.87180633,
-74.05270555,40.72176627,
-74.03736019,40.78418322,
-74.04785967,40.84779778,
-74.0311344,40.69565364,
-74.03367393,40.82555483,
-74.00032686,40.69230572,
-74.1249751,40.74707891,
-74.03140542,40.66101904,
-74.07716621,40.76143324,
-74.07833472,40.76376437,
-74.02138818,40.74830793,
-73.98610822,40.75705085,
-74.0199394,40.73000625,
-74.01333407,40.66629294,
-74.02388099,40.8413342,
-74.0625688,40.70221208,
-74.06999145,40.81173601,
-73.99004779,40.7547716,
-74.03496083,40.74266868,
-73.97884887,40.72479688,
-74.0956272,40.74908709,
-74.14948825,40.843465,
-74.0368115,40.73328606,
-74.04027967,40.6487988,
-74.01976378,40.76229429,
-74.00738731,40.69859411,
-73.97500363,40.79050628,
-74.03329867,40.72074413,
-73.97005958,40.68689954,
-74.03287316,40.63866791,
-74.07192787,40.74878696,
-74.04633677,40.71856321,
-74.00173905,40.73492591,
-73.97534892,40.73709049,
-74.00556689,40.70802524,
-73.99332546,40.72967826,
-74.01936925,40.80975114,
-74.04535571,40.79079793,
-74.04542676,40.77559244,
-74.15236183,40.76228044,
-74.03416838,40.73794123,
-73.94794246,40.74014629,
-73.95349665,40.82973947,
-74.07652478,40.69771068,
-74.04032983,40.78527182,
-73.99649227,40.66911233,
-74.03301216,40.7215116,
-74.03474641,40.76402857,
-74.10661301,40.78267795,
-74.02286694,40.75321675,
-74.05923976,40.74237889,
-74.07108905,40.79328805,
-73.98228667,40.74020517,
-74.09240733,40.73883423,
-74.04466891,40.67748641,
-74.05437353,40.69235558,
-73.94085873,40.69161928,
-74.02096013,40.74315132,
-74.00574983,40.76047933,
-74.01847844,40.75428702,
-74.03109569,40.73582524,
-73.99372944,40.73207137,
-74.0378881,40.73207626,
-74.08692454,40.81384364,
-74.00260448,40.7915032,
-74.02326468,40.87393713,
-74.01057877,40.73945196,
-73.97836815,40.73809741,
-73.9811467,40.77389725,
-74.13733821,40.75766138,
-74.03508365,40.69144354,
-74.03168934,40.7538147,
-74.07519196,40.69755043,
-74.02512636,40.80860574,
-74.03399169,40.7672978,
-74.07306821,40.7632835,
-74.05714716,40.72234121,
-73.99523212,40.77883899,
-74.00884277,40.77654979,
-74.07276849,40.83799875,
-74.06486285,40.70806154,
-74.10969574,40.76555351,
-74.00569952,40.77395104,
-74.16234869,40.68935628,
-74.05606308,40.71896784,
-73.99161911,40.73039884,
-74.02046447,40.71865639,
-74.0645111,40.66451543,
-74.0444054,40.81809515,
-73.9966107,40.68690654,
-74.08916498,40.78000382,
-74.089213,40.74944911,
-73.98968584,40.72652535,
-73.98252931,40.6741647,
-74.03316078,40.80989228,
-74.01712736,40.76831737,
-74.04716339,40.78841627,
-73.96330903,40.7341286,
-73.98674443,40.78567811,
-74.07892962,40.80371408,
-73.97008896,40.82968505,
-74.084796,40.7122712,
-74.10353271,40.70100353,
-74.04406866,40.72693479,
-74.1016529,40.70349312,
-74.04780386,40.78632343,
-74.05676202,40.70217781,
-74.0921531,40.77890667,
-74.01482381,40.79459209,
-74.10818631,40.75031137,
-74.05896771,40.79036255,
-74.05219234,40.67749341,
-74.03021564,40.78584624,
-74.06407344,40.71595017,
-74.00315717,40.76187404,
-74.09986868,40.65760243,
-74.10338969,40.75657583,
-74.00445216,40.74317979,
-74.05875954,40.78660864,
-74.07092949,40.77250249,
-74.03964998,40.73439665,
-73.96479937,40.73403493,
-74.02027672,40.7653141,
-73.96863807,40.78538699,
-74.05919697,40.80502572,
-74.0507438,40.77233963,
-74.09345633,40.71603893,
-74.11274482,40.71058517,
-74.08746151,40.74328743,
-74.05947169,40.76737884,
-73.97922363,40.7260521,
-74.08573351,40.79512874,
-74.0196146,40.79728453,
-74.03206394,40.82708107,
-73.95055875,40.71238406,
-74.13339089,40.77159058,
-74.05720985,40.79069835,
-74.03244791,40.74392601,
-74.00867828,40.81122852,
-73.98110919,40.68892977,
-74.05818479,40.77115537,
-74.09523096,40.74690242,
-74.040779,40.73585387,
-74.06811869,40.72304009,
-74.06308513,40.74470018,
-73.98930802,40.80453738,
-74.015963,40.77934206,
-74.08580502,40.79282494,
-74.02581225,40.77946444,
-74.01152727,40.71924187,
-74.04799433,40.81098641,
-74.04239665,40.6686808,
-73.96330183,40.78063715,
-74.06237463,40.79035038,
-74.07161539,40.72619538,
-73.89859136,40.77275894,
-74.03025456,40.77207488,
-74.0167137,40.81077014,
-74.04645888,40.82252212,
-73.99682168,40.77846737,
-74.12677328,40.74594954,
-74.0611937,40.70327529,
-74.04118731,40.64280768,
-73.99187096,40.7973948,
-74.06328261,40.87372662,
-74.02011259,40.71510838,
-74.07962237,40.81761045,
-74.05227184,40.75923281,
-74.08951784,40.79724273,
-74.09096373,40.81231985,
-74.09072669,40.65404599,
-74.06663383,40.81854478,
-73.95726779,40.72480457,
-74.00483373,40.78067336,
-74.01799122,40.75706999,
-74.02151612,40.73213526,
-73.98410551,40.72111927,
-74.07265737,40.76688026,
-73.99872933,40.80228209,
-74.09586789,40.73494068,
-74.00936075,40.69458373,
-74.07896305,40.76744223,
-74.08016659,40.77207642,
-74.02470497,40.74348155,
-74.09195305,40.80117572,
-74.03228996,40.74553269,
-74.09280588,40.76456214,
-73.99021278,40.73446759,
-73.91714736,40.75496148,
-74.09434763,40.7564964,
-73.99983146,40.7769488,
-73.98954242,40.74292855,
-74.03031026,40.76763832,
-74.01799628,40.77777803,
-74.06295668,40.67117941,
-74.10315159,40.73680462,
-74.09129828,40.73183514,
-74.03792326,40.79021142,
-74.05291617,40.74540988,
-74.0699014,40.78903508,
-74.03500582,40.64671523,
-74.05143989,40.71679197,
-73.95200218,40.73851972,
-74.0676518,40.781872,
-74.07309769,40.75485771,
-74.01176262,40.77721733,
-74.05220657,40.78627661,
-74.06592136,40.78864584,
-74.08040413,40.68255885,
-74.10808952,40.68555518,
-74.02125861,40.71162946,
-74.03074939,40.74825143,
-74.11376438,40.62435693,
-74.00074181,40.7526749,
-73.99661458,40.70039785,
-74.03190683,40.79647902,
-74.09427518,40.7300811,
-74.05817556,40.73327878,
-73.98094057,40.74689589,
-74.05444282,40.72758214,
-74.04654289,40.6610031,
-74.00857616,40.72690213,
-74.10639685,40.68329138,
-74.10906554,40.79588064,
-74.07525846,40.76256184,
-74.11587416,40.73934033,
-74.0072532,40.71997527,
-74.04303672,40.83191666,
-74.02568007,40.75220287,
-74.07328494,40.746003,
-74.00196694,40.70569799,
-73.99766365,40.78951122,
-73.97587107,40.76423967,
-73.99570903,40.77550239,
-73.99241712,40.75483786,
-74.18673314,40.77848824,
-73.98663483,40.72611356,
-74.11948793,40.86216512,
-74.1240694,40.73680016,
-74.09267697,40.7290945,
-73.94756616,40.79265036,
-74.06567488,40.80281225,
-74.02026512,40.72348538,
-74.08354829,40.75419283,
-73.94603721,40.69873928,
-73.96298834,40.82346179,
-74.02787684,40.70323796,
-74.11214595,40.81760787,
-73.9601755,40.72333431,
-74.11056106,40.74283741,
-73.97946008,40.7303252,
-74.06385673,40.78652125,
-74.01218092,40.7664994,
-74.06764447,40.81499267,
-74.06946292,40.74434176,
-74.040582,40.81338349,
-73.99236444,40.75328844,
-74.07493311,40.75155691,
-74.02767473,40.73149293,
-74.09598944,40.73270389,
-74.00721063,40.67463403,
-73.99667778,40.85945855,
-73.98607198,40.75506142,
-74.07175752,40.73181268,
-74.04331567,40.75408582,
-73.95363029,40.78730166,
-74.04334797,40.84331229,
-74.04154292,40.74151709,
-74.09417061,40.70220116,
-74.0159753,40.71540891,
-74.0867817,40.69503508,
-74.01007267,40.74667684,
-74.12091949,40.726065,
-74.0304213,40.78551187,
-74.13677267,40.71954756,
-74.01638331,40.79099995,
-74.08214761,40.74906024,
-74.03591778,40.77120114,
-74.03399475,40.77031201,
-73.99157688,40.78308689,
-74.07629889,40.74928575,
-73.99651057,40.73071701,
-74.09191305,40.7037399,
-74.072996,40.73221475,
-74.06333162,40.77295241,
-74.03920921,40.74407218,
-74.02379313,40.73487299,
-74.04236494,40.80433928,
-73.9800105,40.75881443,
-74.076575,40.77072886,
-74.04071036,40.78216319,
-74.10613619,40.78568783,
-74.04429993,40.6656868,
-74.06889682,40.78800588,
-74.00701101,40.79301243,
-74.04475713,40.72148438,
-73.91039725,40.7783367,
-74.06387487,40.75176107,
-74.09713192,40.74121898,
-73.99406933,40.71339376,
-74.01293185,40.69215295,
-74.12458783,40.82717759,
-74.15178506,40.72993142,
-74.04759977,40.7887912,
-74.0128283,40.79987795,
-74.06945404,40.78074241,
-74.05568205,40.77679262,
-73.96425255,40.75310733,
-73.98585537,40.76739663,
-74.07545508,40.73426442,
-74.06529901,40.73623108,
-74.01800992,40.7023505,
-74.03349792,40.6684451,
-74.10164544,40.69836043,
-74.07275247,40.77802872,
-74.11025508,40.79092456,
-74.06364131,40.73603705,
-74.05526793,40.66877435,
-74.03228083,40.67382262,
-74.03217477,40.75803786,
-74.0603356,40.68375563,
-74.10374273,40.7113439,
-74.04963009,40.80288909,
-74.0499027,40.69896992,
-74.01204749,40.7697382,
-74.04791532,40.75477193,
-74.06493536,40.75748154,
-73.96020516,40.78210889,
-74.05576777,40.77559827,
-74.06514475,40.7010487,
-74.06681742,40.8017321,
-74.1218904,40.67127365,
-74.03332358,40.74963524,
-73.97060337,40.73316807,
-74.02382286,40.75060963,
-74.13360113,40.69778785,
-74.08997823,40.70194709,
-73.92701839,40.77878996,
-74.03958312,40.6966544,
-74.07848295,40.84964821,
-74.07582377,40.7377128,
-74.10348427,40.70317527,
-74.04049364,40.77154955,
-74.08048718,40.67419523,
-74.09845941,40.77679007,
-73.98179075,40.71109884,
-74.06457275,40.80014157,
-73.9969295,40.73999606,
-74.06245765,40.7951592,
-73.95766492,40.74812106,
-74.00888753,40.73241555,
-73.98874997,40.68234468,
-74.06991346,40.72286266,
-74.00585085,40.75743241,
-74.08028481,40.74806779,
-74.01513571,40.71901114,
-74.0231331,40.7216146,
-74.00705883,40.73297288,
-74.06661284,40.82583913,
-74.04545167,40.8000643,
-74.03566567,40.81360797,
-74.05851215,40.80663098,
-74.01745822,40.74934395,
-74.04783953,40.74063464,
-74.11703799,40.70106659,
-74.00159977,40.77582784,
-74.06658469,40.82285603,
-74.01240469,40.79558521,
-74.08392899,40.7854349,
-74.12519702,40.75863895,
-74.11929592,40.77254206,
-73.97588357,40.7424401,
-74.08411234,40.73437897,
-73.96482335,40.73981312,
-74.02397564,40.73891092,
-74.01657139,40.74817875,
-74.114132,40.71357054,
-74.00640705,40.85540202,
-73.98940774,40.7516456,
-74.01711375,40.75062434,
-74.05174598,40.72422422,
-74.01305918,40.68903674,
-74.14718706,40.71024542,
-74.00915524,40.66679416,
-74.0306512,40.71906051,
-74.01990042,40.76483831,
-74.0879186,40.73363322,
-74.00082763,40.72308197,
-74.04011278,40.77107999,
-74.14176091,40.76107793,
-74.02335316,40.74102528,
-73.99064724,40.73962048,
-74.04620843,40.72232213,
-74.05387164,40.67669989,
-73.99659979,40.73075156,
-74.05240812,40.66732076,
-74.06851857,40.73353156,
-74.09894924,40.82398399,
-74.04165695,40.66126662,
-74.05643676,40.74336059,
-74.1076034,40.74596154,
-74.00786599,40.73357414,
-74.00716137,40.76280802,
-74.00460521,40.71214223,
-74.05141673,40.71601423,
-74.08669051,40.74281845,
-74.04912056,40.6870987,
-74.15991919,40.68339155,
-73.98880045,40.74370541,
-74.10141725,40.85853057,
-74.06684076,40.75284128,
-74.09115835,40.75661314,
-74.0236669,40.68914662,
-74.07161399,40.76867776,
-74.10325228,40.77885494,
-74.04731669,40.63878742,
-73.95678158,40.78589478,
-74.02652609,40.72125481,
-74.13521818,40.76971547,
-74.06010034,40.79722745,
-74.03857744,40.78596638,
-73.98808265,40.81219262,
-73.98586341,40.71689926,
-74.04753026,40.71828887,
-74.05819148,40.754857,
-74.13843494,40.75153767,
-74.05981616,40.73354673,
-74.08357855,40.79096343,
-74.1117396,40.76007958,
-74.0346975,40.66754369,
-74.22885897,40.80127344,
-74.00684713,40.71775947,
-74.13042462,40.65693716,
-73.99433669,40.78667406,
-74.02891561,40.71932793,
-73.88416343,40.81067099,
-74.1278868,40.69711672,
-74.02291618,40.84187325,
-74.04407738,40.78803392,
-73.98758738,40.74649679,
-74.0064469,40.78732851,
-74.00858497,40.72190479,
-74.04615909,40.74834791,
-74.04032789,40.80506159,
-74.0143591,40.71068466,
-74.05308792,40.78602596,
-74.01408675,40.77709273,
-73.96594511,40.76855811,
-74.05687047,40.74888262,
-74.02813929,40.75509391,
-73.96453424,40.73787119,
-73.98140719,40.76456752,
-74.08397273,40.7169,
-74.07696139,40.79203237,
-74.0698105,40.74565461,
-74.06463577,40.67547966,
-74.06032775,40.79265343,
-74.10718397,40.75480861,
-74.13515905,40.67734075,
-74.14080141,40.73807244,
-74.1169895,40.80732966,
-74.08686724,40.78876019,
-73.98690098,40.70575143,
-73.9702185,40.78182302,
-74.07352536,40.79109249,
-74.06528763,40.72877084,
-74.07214306,40.7374945,
-73.991985,40.81150979,
-73.99224712,40.73689532,
-74.07137166,40.68448644,
-74.01175331,40.72769141,
-74.02199161,40.77600674,
-74.0778991,40.71490078,
-74.07117054,40.72681932,
-74.04816775,40.73230907,
-74.16158728,40.74433079,
-74.03735127,40.79078926,
-73.95925462,40.80765794,
-74.0583904,40.80709825,
-74.05074922,40.80096593,
-74.11737548,40.68756182,
-74.06355054,40.76457111,
-73.97040464,40.74056263,
-74.06510761,40.67158299,
-74.01111784,40.69360968,
-73.95745858,40.79128387,
-74.09506538,40.79254373,
-74.07432833,40.74239244,
-74.10490126,40.78839384,
-74.11325448,40.76799096,
-74.04746318,40.7286105,
-74.02424429,40.73563329,
-74.01288063,40.81867381,
-74.03117336,40.78694731,
-74.10556678,40.75023914,
-74.00821899,40.73224619,
-74.0222818,40.72365315,
-73.99698374,40.76533584,
-73.9984716,40.7353288,
-73.98322021,40.84660389,
-73.98348404,40.73293636,
-74.0380471,40.77270826,
-74.07534158,40.77552816,
-73.95883818,40.68781392,
-74.00356783,40.76306334,
-74.0452687,40.7087371,
-74.05608957,40.84015887,
-74.1058972,40.73866088,
-74.11171422,40.78376072,
-74.0065551,40.80666216,
-74.05943581,40.69618271,
-74.00952417,40.76982506,
-74.10494628,40.77298347,
-74.11638799,40.74635981,
-74.10942289,40.80799844,
-74.02895856,40.76015249,
-74.07241763,40.72654583,
-74.05135029,40.76185046,
-74.01449203,40.65245083,
-74.03245563,40.63150144,
-74.0388226,40.73842053,
-73.99915933,40.69411623,
-74.14506272,40.80418138,
-74.00172079,40.69439655,
-74.11656174,40.72285603,
-74.06636633,40.76024905,
-74.02749419,40.81877893,
-74.02361656,40.64511977,
-73.95347393,40.66751452,
-74.00313587,40.74174275,
-74.04871516,40.75566581,
-74.00859186,40.8340456,
-74.0371283,40.72090098,
-73.98712188,40.82102263,
-74.03774637,40.73577004,
-74.06331794,40.74252902,
-74.03740363,40.91320556,
-73.99154561,40.70005996,
-74.10839811,40.82327905,
-74.08824032,40.82828406,
-74.05347306,40.79960715,
-74.08771144,40.81127919,
-73.96480631,40.67844186,
-74.03284957,40.74021235,
-73.98206243,40.75153772,
-74.01768259,40.71120944,
-74.06840454,40.73084165,
-74.10137911,40.74598909,
-74.03147195,40.67751224,
-73.97287185,40.73122003,
-74.09206063,40.75304089,
-74.11904722,40.76083239,
-74.05475564,40.78008658,
-74.10115427,40.78759004,
-74.0090355,40.72065404,
-74.01973032,40.83952351,
-74.02026669,40.78160942,
-73.97606305,40.73109415,
-74.14053637,40.7760006,
-74.08689721,40.77873462,
-73.99617338,40.72620786,
-74.03778841,40.72295196,
-73.98582466,40.77762211,
-74.08597029,40.79188288,
-74.04410584,40.74682848,
-74.14459251,40.75143976,
-74.05590349,40.77272185,
-74.01743869,40.74532914,
-74.09035891,40.71064793,
-74.0544586,40.73594261,
-73.99762599,40.79272181,
-74.02433942,40.73391462,
-74.11081764,40.78496498,
-73.96016377,40.68781532,
-73.99200291,40.73650314,
-74.06794162,40.69379604,
-74.0117342,40.75369819,
-74.07629059,40.68837587,
-74.0837125,40.7521766,
-74.08759484,40.68020512,
-74.09144436,40.7095119,
-74.06089378,40.76354067,
-74.06620902,40.77527702,
-74.07406439,40.76337112,
-74.08097548,40.78501238,
-74.12892486,40.7163622,
-73.98231145,40.80600826,
-73.95471418,40.63542122,
-74.03550748,40.75811737,
-74.07131931,40.82612073,
-73.91377476,40.81522172,
-73.95561172,40.87293867,
-74.07816766,40.75046259,
-73.99545903,40.8287081,
-74.09996472,40.8192481,
-73.98250809,40.75486909,
-74.14235381,40.78209121,
-74.03855616,40.72654865,
-74.07031535,40.6861203,
-74.07084664,40.73670748,
-74.03191246,40.80271594,
-74.04086733,40.75090313,
-74.08598002,40.73079838,
-74.03488402,40.76997581,
-74.0195553,40.67535217,
-74.03638239,40.6489932,
-74.02913374,40.76373462,
-74.11128476,40.76241798,
-73.96034039,40.74963834,
-74.07358513,40.83125593,
-74.07269866,40.66327611,
-73.97711438,40.77637801,
-73.96993833,40.72173984,
-73.98305342,40.68232863,
-74.03922713,40.79928638,
-74.06090275,40.79979893,
-74.02729279,40.6850128,
-74.02966761,40.78835811,
-74.08408264,40.74221178,
-74.10149704,40.81503719,
-74.1226269,40.74116572,
-74.05473217,40.78801904,
-74.11399648,40.77989337,
-74.04585445,40.84143355,
-74.04633325,40.69747941,
-74.05969475,40.83149966,
-74.0311121,40.75334528,
-73.98000044,40.84543853,
-74.05410167,40.75262583,
-74.02552299,40.76144933,
-74.06466413,40.83643903,
-74.05260886,40.68802961,
-74.03900823,40.75748321,
-73.94469302,40.77230039,
-73.95110794,40.7660293,
-74.01420968,40.79253772,
-74.12304188,40.85027398,
-74.05683133,40.77620261,
-74.00671562,40.77113379,
-73.98202969,40.8435792,
-73.99327176,40.81403552,
-74.01916275,40.80619215,
-74.00397983,40.75266563,
-74.06193949,40.73912271,
-74.00399604,40.70369761,
-74.06037491,40.72917493,
-74.08470535,40.75351481,
-74.0854304,40.77693637,
-74.02587137,40.76235145,
-74.01648405,40.74104085,
-73.99748133,40.72886649,
-73.96477491,40.71310648,
-74.06396354,40.75874036,
-74.08980972,40.74763865,
-74.05773362,40.69836602,
-74.03155876,40.78782815,
-74.00106129,40.68749785,
-74.06727291,40.75672136,
-74.12156753,40.71471477,
-73.97260876,40.69576205,
-73.97526659,40.6832409,
-74.14747784,40.67862524,
-74.05018195,40.73389523,
-73.9955406,40.81892159,
-74.03338606,40.75703271,
-74.01182629,40.80359961,
-74.07123672,40.74238491,
-73.9958108,40.82284516,
-73.99919702,40.72526816,
-74.10241928,40.75128192,
-74.04069332,40.77311562,
-74.07361833,40.66285342,
-74.04732938,40.77412825,
-73.98869749,40.80800276,
-74.04654057,40.670656,
-74.13500105,40.72608909,
-74.0613923,40.79573208,
-73.99119241,40.79902257,
-73.98720501,40.73267418,
-74.0851539,40.79985077,
-74.09041831,40.82175949,
-74.11356626,40.78435869,
-74.12653716,40.70069072,
-74.16638739,40.72692098,
-74.01514576,40.73668775,
-74.12513566,40.73227439,
-74.01518874,40.8149599,
-74.02357307,40.77514739,
-74.0798627,40.72615225,
-74.04217944,40.69311304,
-74.02242476,40.74419469,
-74.07606934,40.82952417,
-74.05514303,40.69061623,
-74.08816071,40.6511068,
-74.04690529,40.79717107,
-74.13954897,40.72818046,
-73.99781832,40.74527404,
-74.11510221,40.73395166,
-73.98789218,40.76279249,
-73.98279526,40.78880065,
-74.04391319,40.73987707,
-74.0324086,40.80366111,
-74.00188706,40.7496675,
-74.09038666,40.74287737,
-73.96212992,40.82970395,
-74.10603041,40.77873783,
-74.06437703,40.79268413,
-74.03445577,40.78742559,
-74.05647401,40.80635459,
-74.00061899,40.86209033,
-74.03535972,40.79569247,
-74.00621588,40.79491625,
-74.02819734,40.73475045,
-74.02633866,40.78365387,
-73.93464512,40.79949526,
-74.03473323,40.77864,
-73.94854556,40.81060791,
-74.06336843,40.75933882,
-74.00789287,40.73327816,
-74.1588901,40.77890415,
-74.02830751,40.72410256,
-74.07468069,40.76637682,
-74.03550575,40.83688785,
-74.05786646,40.74421093,
-74.07268625,40.73932852,
-74.06437325,40.72453573,
-74.09318511,40.74278589,
-74.02478692,40.68224106,
-74.11577451,40.72828446,
-74.03995878,40.79167488,
-74.02947798,40.71030277,
-74.10153775,40.63986087,
-74.03347964,40.76709405,
-74.12340035,40.7313643,
-74.00485167,40.71865608,
-74.08827474,40.72727836,
-74.10210791,40.71415001,
-74.06644795,40.770232,
-74.06683493,40.81080073,
-74.09016678,40.80702895,
-74.10797831,40.66215071,
-74.06262051,40.83658458,
-74.06866173,40.72726455,
-74.07473419,40.68395269,
-74.02731427,40.79095094,
-73.99454678,40.81164757,
-73.98694188,40.73259608,
-74.06311164,40.71198219,
-74.04686174,40.69503952,
-74.01352651,40.68904654,
-74.11266187,40.70667151,
-74.01610043,40.75246242,
-74.04461602,40.70591333,
-74.04551382,40.66521223,
-74.07786335,40.77215949,
-74.07210234,40.79573649,
-74.08206035,40.80994736,
-73.98958547,40.79532021,
-74.07720662,40.81201973,
-73.96925794,40.71314062,
-74.05111673,40.8017689,
-74.04707928,40.66483311,
-74.0255979,40.85420323,
-73.981838,40.70671292,
-74.04676424,40.72275941,
-74.03291674,40.76699142,
-74.10458307,40.75514264,
-74.0400451,40.73456647,
-74.01692834,40.71233662,
-73.9696489,40.85214873,
-74.07758906,40.64193928,
-73.94606927,40.63735603,
-73.98938974,40.73587454,
-74.12033647,40.73649916,
-74.02902705,40.76020815,
-74.06370925,40.84325115,
-73.98107351,40.75460289,
-74.05821829,40.82946595,
-74.113282,40.83051375,
-74.11803116,40.76009896,
-74.0554144,40.80254307,
-73.9195307,40.66396399,
-74.02999357,40.69963149,
-74.0302918,40.71077338,
-74.11815739,40.78445173,
-74.01454275,40.77059579,
-74.05421063,40.75975059,
-74.10606258,40.85195176,
-74.02113905,40.81566539,
-74.05083229,40.81456257,
-74.05188413,40.75075844,
-73.98265761,40.84039748,
-74.0505127,40.73629851,
-74.02280221,40.70168473,
-74.0357023,40.79718831,
-74.04830634,40.74282128,
-74.12346982,40.79511204,
-73.936803,40.71855447,
-74.06263913,40.71915745,
-74.05393611,40.66954941,
-73.97086806,40.75275816,
-74.05758019,40.74477397,
-74.15186306,40.64024072,
-74.09626564,40.78038171,
-74.08574058,40.82695038,
-74.06928751,40.68503455,
-74.05280758,40.73475081,
-74.06596344,40.67739628,
-74.10620191,40.70687506,
-74.02859213,40.7703871,
-74.07627022,40.71328764,
-74.07707268,40.84537582,
-74.10846388,40.6314011,
-74.0044838,40.7624997,
-74.01964422,40.8238021,
-74.09358081,40.72300993,
-74.09181676,40.73501337,
-74.12837073,40.75690366,
-73.97741524,40.68117538,
-74.01258563,40.79982839,
-73.91466071,40.77598831,
-74.05921393,40.76596828,
-73.93823944,40.77477867,
-74.06915992,40.75945695,
-74.04826912,40.74985709,
-74.07476773,40.69944768,
-74.01804489,40.8233552,
-74.04521079,40.71705691,
-74.08114455,40.7383597,
-74.0311165,40.72995749,
-74.00764424,40.81323198,
-73.97377904,40.81605077,
-74.02464827,40.72384474,
-73.99362689,40.61894823,
-74.02976749,40.77274121,
-74.01669888,40.83561191,
-74.01243215,40.83094238,
-74.0363209,40.78661158,
-74.00988369,40.68843711,
-74.01304127,40.75398619,
-74.05217969,40.73545308,
-74.01077904,40.6751255,
-74.00112091,40.71564881,
-74.00277743,40.84493589,
-74.00878996,40.7422156,
-73.99860657,40.74652041,
-74.07240987,40.75289249,
-73.99571346,40.79923336,
-73.89454793,40.69016933,
-74.05526782,40.80796649,
-74.11304058,40.77192548,
-73.99404662,40.69829634,
-74.09382577,40.79487477,
-74.02662881,40.75095313,
-74.05126919,40.72453234,
-74.01037012,40.82029368,
-73.99354702,40.81564009,
-73.99016035,40.79294235,
-74.01006023,40.80353412,
-74.11599774,40.7308357,
-74.16021046,40.76959791,
-74.01999987,40.77276182,
-73.95745677,40.75512099,
-74.04208811,40.73223124,
-74.07651778,40.73946659,
-73.98581662,40.75661655,
-74.04134399,40.6961389,
-74.04203278,40.79351992,
-73.90946808,40.75981643,
-74.0640228,40.72273222,
-73.98981461,40.75608978,
-73.98629257,40.72274051,
-74.00044523,40.80287806,
-74.09007128,40.82192138,
-74.01845314,40.66235953,
-74.03536094,40.76607128,
-74.08190173,40.75537511,
-74.02523315,40.71279988,
-73.99584308,40.5957025,
-74.0271199,40.81437321,
-74.09825666,40.69712757,
-74.03018438,40.79448217,
-74.05651279,40.80720326,
-74.07699038,40.78011014,
-74.1266298,40.84009851,
-73.98565861,40.74503473,
-74.02029259,40.79175578,
-74.05650154,40.72157414,
-74.033641,40.79982754,
-74.01243848,40.73408664,
-74.0411122,40.62282568,
-74.05426263,40.84317423,
-73.95470412,40.68011007,
-73.94520886,40.72399605,
-74.10808267,40.78013163,
-73.9454871,40.75886014,
-74.07357229,40.81690577,
-74.01306903,40.73499107,
-74.11577248,40.80857941,
-74.10312634,40.69332942,
-74.10360784,40.74402305,
-74.09519497,40.60371187,
-74.0708556,40.76219076,
-74.05949694,40.75586693,
-74.03529448,40.72690118,
-74.12493824,40.6428656,
-73.99212643,40.75550346,
-73.97716926,40.77670777,
-74.02753961,40.75069524,
-74.08458708,40.73454532,
-74.02320618,40.63712015,
-74.07808955,40.76975514,
-74.15303639,40.71515069,
-74.10718961,40.76288538,
-74.08869405,40.72317916,
-74.08138045,40.74032412,
-74.03216832,40.79289257,
-74.11932347,40.71492933,
-74.00837501,40.74058563,
-73.98839317,40.80214172,
-73.96300617,40.77861801,
-74.1131485,40.6862307,
-74.15512704,40.72812677,
-74.06998577,40.80173855,
-74.01379347,40.78198341,
-74.03083107,40.74992049,
-74.06135531,40.71601005,
-74.05174831,40.77274957,
-74.03175762,40.64157196,
-74.04373146,40.77117534,
-74.03504828,40.8113163,
-73.99142448,40.70527022,
-74.05905811,40.83317407,
-74.03858178,40.71952592,
-74.01431957,40.72152727,
-74.02712845,40.89183844,
-74.0431202,40.86091162,
-73.99410079,40.7404437,
-74.00167318,40.74640394,
-74.02452224,40.84413893,
-74.01673051,40.74739034,
-74.06036404,40.75497908,
-73.96801839,40.76349497,
-74.11533698,40.69069781,
-74.10868364,40.74990759,
-74.07234549,40.7923238,
-74.05418672,40.78102391,
-73.93762003,40.73818426,
-74.03389691,40.68331037,
-73.99948631,40.81990776,
-74.05749927,40.70965693,
-74.05954359,40.77759363,
-74.05333761,40.761378,
-74.01184759,40.72478676,
-74.0791811,40.72106628,
-74.10113241,40.76558023,
-74.00175763,40.74636692,
-74.01762943,40.72596319,
-74.06044998,40.71001873,
-74.091259,40.76111394,
-74.04703528,40.75783605,
-74.02667287,40.86965511,
-74.03492052,40.77155349,
-74.00450741,40.76203187,
-74.05445675,40.88108448,
-73.95707557,40.73904285,
-74.00801212,40.77206256,
-74.0212329,40.70932607,
-74.1567293,40.78814305,
-74.03283606,40.72866136,
-74.07327303,40.68585123,
-74.13046756,40.67917156,
-74.05105226,40.75036871,
-74.06836329,40.70293049,
-74.04037443,40.76209117,
-74.01081556,40.86404042,
-74.1079634,40.73835958,
-74.05251122,40.72250173,
-74.06977755,40.78587648,
-73.89992147,40.83547565,
-74.10989225,40.63718157,
-74.09656748,40.67460593,
-74.05635924,40.80511889,
-74.01211351,40.77090275,
-73.99624552,40.73952482,
-74.03431084,40.78176552,
-74.05636815,40.80459037,
-74.06132762,40.82035072,
-74.06905715,40.72347035,
-74.15173687,40.75720144,
-74.1245855,40.80833426,
-74.03664586,40.79001242,
-74.13879401,40.69678991,
-74.02269834,40.82879529,
-74.00748041,40.76782057,
-74.01938942,40.72683551,
-74.10562034,40.76177239,
-73.95721231,40.783729,
-74.06283225,40.81674038,
-74.04756624,40.75772724,
-74.00439102,40.72103429,
-74.08325935,40.71771639,
-74.13329885,40.80520264,
-73.96459623,40.70296976,
-74.00864115,40.80365355,
-74.07056756,40.70556264,
-74.02796288,40.79240835,
-74.03624626,40.71894539,
-74.02284424,40.74903382,
-74.06668757,40.82484194,
-74.02582033,40.7627259,
-74.08083631,40.81585564,
-74.10355615,40.70498385,
-74.00772574,40.78186025,
-74.03303395,40.76611617,
-74.06658208,40.83847725,
-73.93536526,40.7386069,
-74.03685881,40.75294317,
-73.99212126,40.79650748,
-74.11166226,40.71668644,
-74.01577091,40.7921537,
-74.14188278,40.68752951,
-74.05238178,40.73825851,
-73.99367254,40.82364508,
-74.0386395,40.7002925,
-74.0463226,40.74825946,
-73.98599738,40.81568672,
-74.10941104,40.81407992,
-73.99842719,40.70263685,
-73.97524908,40.76401916,
-74.01268524,40.7126145,
-74.08115337,40.69412734,
-74.05249777,40.78686212,
-74.04723924,40.77944117,
-74.0826484,40.68794733,
-74.01439842,40.82654756,
-74.11537456,40.69168149,
-74.10394366,40.7869932,
-74.06444029,40.71476612,
-74.05609964,40.73946707,
-74.06204578,40.7572276,
-74.06322863,40.64638943,
-73.98953963,40.73638816,
-74.12024669,40.70409462,
-73.99557935,40.73174947,
-74.03977837,40.79794301,
-74.05584259,40.69572253,
-73.9836408,40.70265143,
-74.05971526,40.77625765,
-74.04836683,40.79976665,
-74.0299072,40.75958826,
-74.01818047,40.77438633,
-74.03309267,40.66659875,
-74.05970807,40.77310663,
-73.9714903,40.78805298,
-74.08374534,40.74953218,
-74.02332392,40.65811441,
-74.10312949,40.81836557,
-74.03859903,40.79100913,
-74.09777667,40.73497687,
-74.08411433,40.70990654,
-73.99846947,40.60033609,
-74.04637635,40.75058311,
-73.91422786,40.74364383,
-74.05316183,40.80662737,
-74.1435042,40.74276137,
-74.05419002,40.77072897,
-74.05541648,40.75436857,
-74.05811118,40.69184364,
-74.0375826,40.7893475,
-74.08663117,40.72630189,
-74.11966981,40.79015188,
-74.10222153,40.75256934,
-73.98048579,40.76028768,
-74.05671901,40.8055105,
-74.08239102,40.80894532,
-74.01136579,40.73737558,
-73.9788695,40.767482,
-74.00690229,40.7246737,
-74.00143722,40.72425326,
-74.01949608,40.76938174,
-74.09178134,40.85026635,
-73.97517291,40.70392044,
-73.96426751,40.63003028,
-74.08910485,40.69524242,
-74.05555023,40.71520534,
-74.06828795,40.74808669,
-73.99818916,40.73074625,
-74.02396725,40.79670428,
-74.04723191,40.79007729,
-74.02413415,40.77985076,
-74.10229077,40.76268918,
-74.09919928,40.76778833,
-74.01797247,40.80427263,
-73.98558938,40.72207288,
-73.97293924,40.76179489,
-74.07538468,40.7199831,
-74.08234024,40.75053397,
-73.98484802,40.91400476,
-74.02593503,40.75535238,
-74.08524405,40.75778357,
-73.9585135,40.73808033,
-73.9648748,40.67193471,
-73.91029049,40.73156365,
-74.03144385,40.75581284,
-73.9892054,40.7764298,
-74.08122371,40.68670122,
-74.06615055,40.7402868,
-73.98041079,40.76421552,
-74.01072117,40.77589471,
-74.00843,40.73121163,
-74.02019291,40.79575102,
-74.11133949,40.79294121,
-74.14692373,40.76281436,
-74.12840468,40.75497706,
-74.08542837,40.82922441,
-74.05099391,40.76596553,
-74.06067308,40.78145422,
-74.0751079,40.78384531,
-73.93920796,40.74954092,
-74.03765331,40.75619649,
-74.03479006,40.74763163,
-74.03235021,40.75290317,
-73.935439,40.73555049,
-74.04320517,40.70694222,
-74.04697359,40.68746898,
-73.98680169,40.80248711,
-74.02266067,40.79703447,
-74.02368221,40.83272877,
-74.15258462,40.82267457,
-74.0218807,40.75978801,
-74.08434008,40.68507978,
-74.07291706,40.83296568,
-74.03001362,40.7545768,
-74.09807071,40.82772556,
-74.0587396,40.79790802,
-74.03874685,40.67780378,
-73.98812013,40.74304171,
-74.12330337,40.82509474,
-74.0431133,40.76036913,
-74.14040332,40.74445595,
-74.15453084,40.6771598,
-74.07692236,40.72833158,
-74.07029724,40.74229933,
-74.07862667,40.77531022,
-74.15753279,40.7294275,
-73.9392765,40.73281597,
-73.97788296,40.75221159,
-73.98384367,40.72112678,
-73.99733259,40.71174341,
-74.08546734,40.6446725,
-73.94359465,40.74251519,
-74.03533204,40.68761378,
-74.00935035,40.70687544,
-74.13605131,40.7765719,
-74.00892141,40.67019656,
-74.02066355,40.71577207,
-73.98119403,40.75856864,
-74.08620538,40.80673099,
-74.07901659,40.77399575,
-74.0572456,40.83190955,
-74.06898213,40.72630761,
-74.01465038,40.82629301,
-74.10011041,40.72162777,
-74.01939181,40.68866047,
-74.01555866,40.76045729,
-74.01049796,40.69584895,
-74.06003142,40.75211775,
-74.03128013,40.74579435,
-74.06324385,40.77686242,
-74.04081939,40.73371991,
-74.08352948,40.77791544,
-74.10984417,40.76706528,
-74.05414894,40.72981929,
-73.96261222,40.72396425,
-73.97658619,40.66677249,
-74.046714,40.74918393,
-74.01122517,40.74893957,
-74.05445888,40.76696615,
-74.00756722,40.76920347,
-74.09335891,40.68163759,
-74.09302522,40.79494994,
-74.02539489,40.69645483,
-73.95108663,40.75168524,
-74.08618242,40.74464507,
-74.02810005,40.71871126,
-73.96825583,40.79451814,
-73.99866135,40.59858246,
-74.1237223,40.73634746,
-74.10975677,40.70228227,
-74.01667612,40.83511514,
-74.02961416,40.7749724,
-74.06517501,40.74524049,
-73.94257074,40.68633208,
-73.95011681,40.73901138,
-74.00486831,40.87410286,
-73.91139461,40.69282836,
-74.05641881,40.71422677,
-74.02459661,40.84349992,
-74.08598985,40.73074312,
-74.14118653,40.73467491,
-73.98980483,40.68868482,
-74.07246257,40.70817328,
-73.99003661,40.75840042,
-74.16518441,40.71758127,
-74.06222298,40.84120313,
-74.05754245,40.70530629,
-74.07084068,40.76294012,
-74.02746601,40.71968756,
-74.00465017,40.79776209,
-73.97110326,40.76498567,
-74.04217462,40.81556814,
-74.0210469,40.73422707,
-74.03809019,40.73910671,
-74.06106603,40.77900098,
-74.13862937,40.74631202,
-74.0423271,40.77167042,
-73.95984964,40.78461393,
-74.02808746,40.78538133,
-74.05088599,40.70445263,
-74.09934989,40.77367582,
-74.09838174,40.6911223,
-74.00728624,40.77130152,
-74.06680426,40.74196573,
-73.9636934,40.74699978,
-74.03886507,40.71993148,
-74.08115448,40.73406401,
-74.04937339,40.74171265,
-74.08824897,40.7337735,
-74.02883085,40.72885356,
-74.0228845,40.77279076,
-74.03692779,40.79050184,
-74.14016484,40.72835775,
-73.95307199,40.70886262,
-74.02340888,40.76880421,
-74.11773136,40.73336394,
-74.05690857,40.76613841,
-73.99587826,40.80052021,
-74.02614886,40.71782511,
-74.06598312,40.70617955,
-74.10282486,40.7127652,
-74.09280068,40.77168976,
-74.04103121,40.78880567,
-74.06834594,40.77745595,
-74.07976712,40.68105044,
-74.10431181,40.74109212,
-74.12237267,40.76019763,
-73.99794811,40.74342726,
-73.99614737,40.81646252,
-74.10068256,40.71580105,
-74.03139317,40.7832703,
-74.03786974,40.64488054,
-73.99007192,40.84620238,
-74.03118296,40.85219363,
-74.02399759,40.77841325,
-73.98592454,40.70095178,
-74.02620306,40.71500173,
-74.13400965,40.77940825,
-74.06501392,40.73836631,
-73.95935708,40.69601911,
-73.96916672,40.69465153,
-74.1305397,40.73989381,
-74.03355979,40.79406979,
-73.93376153,40.76025592,
-74.06230445,40.73427603,
-74.05989165,40.73878205,
-73.97425509,40.75433315,
-73.96009837,40.77300995,
-73.9536437,40.81923298,
-74.01444085,40.79678593,
-74.12158543,40.80570334,
-74.05546145,40.68006411,
-74.00288412,40.7299982,
-74.12577865,40.61069056,
-74.0370675,40.80840343,
-74.06136233,40.81406756,
-74.10798251,40.81564546,
-74.05674426,40.77496735,
-74.07593417,40.67831209,
-73.99374448,40.70794282,
-73.99407584,40.73143274,
-74.00181869,40.67228317,
-74.01924624,40.68929904,
-74.06220123,40.75970929,
-74.03623723,40.69344661,
-74.03187663,40.69188468,
-74.10249426,40.81513543,
-74.06340214,40.78234608,
-74.11567376,40.73680291,
-73.99891588,40.71896362,
-74.10029928,40.81400487,
-74.09974098,40.81258021,
-74.06473214,40.83501352,
-74.05101287,40.79257522,
-74.03138048,40.79124634,
-74.06524043,40.76123386,
-73.93028222,40.72050917,
-74.10339999,40.75399286,
-74.12239961,40.71333092,
-74.04439108,40.74864106,
-74.107174,40.77206848,
-74.11456346,40.73658576,
-74.09481515,40.7029144,
-74.08976527,40.76615967,
-73.98492082,40.74960173,
-74.04478169,40.81666735,
-74.06612782,40.7037315,
-74.01353626,40.76599122,
-74.10846716,40.70614585,
-74.01508658,40.76770042,
-74.08252525,40.81378148,
-74.02372873,40.71718197,
-74.10687736,40.77129024,
-74.05008112,40.66983289,
-74.07344324,40.730069,
-74.03486374,40.76917011,
-74.03999549,40.77715023,
-74.0207342,40.75050055,
-74.05293972,40.72745762,
-74.09609143,40.75994675,
-74.02578219,40.69439902,
-74.08183872,40.69788968,
-73.94824987,40.83400353,
-74.00911918,40.7129069,
-74.04757904,40.76289234,
-74.10698523,40.8189927,
-74.01587103,40.75656575,
-74.07811016,40.74266008,
-74.00035189,40.75763994,
-73.98829724,40.75349395,
-74.00682744,40.81338304,
-74.05755158,40.73621442,
-74.00769725,40.81555836,
-74.05484413,40.69932292,
-74.0437577,40.71314077,
-74.06321617,40.77699169,
-73.93772423,40.74542393,
-74.11765632,40.69363806,
-73.98284792,40.7498843,
-74.0487623,40.75695126,
-73.9659525,40.73587565,
-74.0510638,40.72458609,
-73.96089702,40.65677762,
-74.10156499,40.71190331,
-74.0274205,40.68929784,
-74.00770432,40.70211753,
-73.92151803,40.79868274,
-74.0278402,40.8912763,
-74.03411488,40.79870875,
-74.16500056,40.7855064,
-74.01222126,40.74886112,
-73.9836646,40.80930605,
-74.00291964,40.81165708,
-74.03146873,40.72568876,
-73.99775505,40.80528946,
-74.07142353,40.84341353,
-74.06235397,40.80414648,
-74.01941605,40.73484772,
-74.12726309,40.77719091,
-74.09171702,40.70792624,
-74.00968114,40.71751381,
-74.0810852,40.78681011,
-74.07338139,40.76099841,
-74.03991661,40.73738407,
-74.04431632,40.80425694,
-74.01804558,40.77070063,
-74.01569206,40.81878962,
-73.99818566,40.72277114,
-74.02066464,40.82617676,
-74.07353272,40.76547999,
-73.9836189,40.70334725,
-73.96339299,40.81026578,
-73.97551926,40.81063794,
-74.07053388,40.76016671,
-74.02929896,40.750901,
-73.91400037,40.76793135,
-74.04269306,40.73249728,
-74.06385588,40.69966926,
-74.10307123,40.75631159,
-74.01563024,40.78831409,
-74.03099738,40.68604778,
-74.032333,40.742256,
-74.032146,40.742118,
-74.031834,40.742232,
-74.032961,40.742594,
-74.032113,40.742777,
-74.032076,40.742988,
-74.032548,40.741342,
-74.03148,40.742594,
-74.032333,40.742256,
-74.032146,40.742118,
-74.031834,40.742232,
-74.032961,40.742594,
-74.032113,40.742777,
-74.032076,40.742988,
-74.032548,40.741342,
-74.03148,40.742594,
-74.032333,40.742256,
-74.032146,40.742118,
-74.031834,40.742232,
-74.032961,40.742594,
-74.032113,40.742777,
-74.032076,40.742988,
-74.032548,40.741342,
-74.03148,40.742594,
-74.032355,40.742224,
-74.032355,40.742224,
-74.032355,40.742224,
-74.032355,40.742224,
-74.033236,40.744313,
-74.030431,40.743339,
-74.030094,40.741643,
-74.035327,40.742731,
-74.03125304,40.74272876,
-74.034984,40.7457502,
-74.03352298,40.74489635,
-74.034984,40.7457502,
-74.0337064,40.7443755,
-74.0301442,40.7406046,
-74.0301442,40.7406046,
-74.0301442,40.7406046,
-74.0301442,40.7406046,
-74.0301442,40.7406046,
-74.0301442,40.7406046,
-74.0301442,40.7406046,
-74.0301442,40.7406046,
-74.0301442,40.7406046,
-74.0301442,40.7406046,
-74.0301442,40.7406046,
-74.0301442,40.7406046,
-74.0301442,40.7406046,
-74.0301442,40.7406046,
-74.0301442,40.7406046,
-74.0301442,40.7406046,
-74.0301442,40.7406046,
-74.0301442,40.7406046,
-74.0301442,40.7406046,
-74.0301442,40.7406046,
-74.0301442,40.7406046,
-74.0301442,40.7406046,
-74.0301442,40.7406046,
-74.0301442,40.7406046,
-74.0301442,40.7406046,
-74.0301442,40.7406046,
-74.0301442,40.7406046,
-74.0301442,40.7406046,
-74.0301442,40.7406046,
-74.0301442,40.7406046,
-74.0301442,40.7406046,
-74.0301442,40.7406046,
-74.0301442,40.7406046,
-74.46695733,40.28679523,
-74.488848,40.298547,
